Workbook

Sheet Mode d'emploi
A1: Suivi golf — Carte verte puis Index
A3: Comment utiliser ce fichier | C3: Cellule à remplir
A4: 1. Tu ne remplis QUE les cellules sur fond JAUNE. Tout le reste se calcule tout seul.
A5: 2. Après chaque séance (A, B, C, maison ou cours) : une ligne dans l'onglet « Journal séances ».
A6: 3. Après chaque parcours (9 ou 18 trous, ou « parcours imaginaire ») : une ligne dans l'onglet « Parcours ».
A7: 4. Coche les compétences acquises dans l'onglet « Checklist carte verte » (Oui / Non).
A8: 5. Dès que tu as un index : une ligne dans l'onglet « Index » à chaque changement.
A9: 6. Regarde l'onglet « Tableau de bord » : quand les 6 critères sont « OK », tu es prêt pour la carte verte.
A11: À saisir dès maintenant dans le Tableau de bord
A12: • Le score cible de l'examen carte verte (demande-le à ton coach : nombre de trous, score à réaliser).
A13: • Ta distance moyenne au fer 9 (mesurée au bloc 4 de la séance A).
A15: Les lignes marquées « EXEMPLE » montrent le format attendu : remplace-les par tes vraies données (ou efface-les).
A16: Les tests sont expliqués dans le PDF « Programme_Golf_Carte_Verte.pdf ».
A18: Légende des tests
... A24: Quiz règles (/15) : le quiz de la dernière page du PDF.

Sheet Tableau de bord
A1: Tableau de bord — Carte verte
A2: Cases jaunes = à saisir. Le reste se met à jour automatiquement.
B4: Mes infos
B5: Score cible de l'examen sur 9 trous (fer 9 + putter) — à demander au coach
B6: Début du programme (semaine 1) | C6: 46307
B7: Date d'examen visée | C7: 46354 | D7: =IF(C7="","",C7-TODAY()) -> 48 | E7: jours restants
B8: Ma distance moyenne au fer 9 (m)
B10: Activité
B11: Semaine du programme en cours | C11: =MAX(1,INT((TODAY()-C6)/7)+1) -> 1
B12: Séances A/B/C faites cette semaine (objectif 2 à 3) | C12: =COUNTIFS('Journal séances'!$B$5:$B$304,C11,'Journal séances'!$C$5:$C$304,"A")+COUNTIFS('Journal séances'!$B$5:$B$304,C11,'Journal séances'!$C$5:$C$304,"B")+COUNTIFS('Journal séances'!$B$5:$B$304,C11,'Journal séances'!$C$5:$C$304,"C") -> 2
B13: Total séances A / B / C depuis le début | C13: =COUNTIF('Journal séances'!$C$5:$C$304,"A") -> 1 | D13: =COUNTIF('Journal séances'!$C$5:$C$304,"B") -> 1 | E13: =COUNTIF('Journal séances'!$C$5:$C$304,"C") -> 0
B14: Heures d'entraînement au total | C14: =SUM('Journal séances'!$D$5:$D$304)/60 -> 3
B15: Parcours joués / meilleur score 9 trous fer 9 + putter | C15: =COUNT(Parcours!$F$5:$F$304) -> 1 | D15: =IFERROR(IF(COUNT(Parcours!$N$5:$N$304)=0,"—",_xlfn.MINIFS(Parcours!$F$5:$F$304,Parcours!$N$5:$N$304,">0")),"—") -> 58
B17: Les 6 critères « prêt pour la carte verte »
B18: Critère | C18: Ma valeur | D18: Seuil | E18: Statut
B19: 1. Test A — moyenne des 3 derniers (/20) | C19: =IF(COUNT('Journal séances'!$E$5:$E$304)=0,"—",AVERAGEIFS('Journal séances'!$E$5:$E$304,'Journal séances'!$M$5:$M$304,">"&(COUNT('Journal séances'!$E$5:$E$304)-3))) -> 9 | D19: 12 | E19: =IF(C19="—","Pas encore de donnée",IF(C19>=D19,"OK","En cours")) -> En cours
B20: 2. Putts 1,5 m — moyenne des 3 derniers (/10) | C20: =IF(COUNT('Journal séances'!$F$5:$F$304)=0,"—",AVERAGEIFS('Journal séances'!$F$5:$F$304,'Journal séances'!$N$5:$N$304,">"&(COUNT('Journal séances'!$F$5:$F$304)-3))) -> 6 | D20: 7 | E20: =IF(C20="—","Pas encore de donnée",IF(C20>=D20,"OK","En cours")) -> En cours
B21: 3. Up & down 9 balles — moyenne des 3 derniers (coups) | C21: =IF(COUNT('Journal séances'!$H$5:$H$304)=0,"—",AVERAGEIFS('Journal séances'!$H$5:$H$304,'Journal séances'!$O$5:$O$304,">"&(COUNT('Journal séances'!$H$5:$H$304)-3))) -> 26 | D21: 24 | E21: =IF(C21="—","Pas encore de donnée",IF(C21<=D21,"OK","En cours")) -> En cours
B22: 4. Simulations 9 trous fer 9 + putter — moyenne des 3 dernières | C22: =IF(COUNT(Parcours!$N$5:$N$304)=0,"—",AVERAGEIFS(Parcours!$F$5:$F$304,Parcours!$N$5:$N$304,">"&(MAX(Parcours!$N$5:$N$304)-3))) -> 58 | D22: =IF(C5="","",C5) | E22: =IF($C$5="","Saisir la cible (C5)",IF(C22="—","Pas encore de donnée",IF(C22<=D22,"OK","En cours"))) -> Saisir la cible (C5)
B23: 5. Quiz règles — meilleur score (/15) | C23: =IF(COUNT('Journal séances'!$J$5:$J$304)=0,"—",MAX('Journal séances'!$J$5:$J$304)) -> 10 | D23: 14 | E23: =IF(C23="—","Pas encore de donnée",IF(C23>=D23,"OK","En cours")) -> En cours
B24: 6. Checklist étiquette, sécurité & règles | C24: ='Checklist carte verte'!C30 -> 0 | D24: 1 | E24: =IF(C24="—","Pas encore de donnée",IF(C24>=D24,"OK","En cours")) -> En cours
B26: VERDICT | C26: =IF(COUNTIF(E19:E24,"OK")=6,"PRÊT pour la carte verte — inscris-toi !",COUNTIF(E19:E24,"OK")&" / 6 critères OK — continue") -> 0 / 6 critères OK — continue
B28: Après la carte verte — objectif index
B29: Index actuel (dernier saisi dans l'onglet Index) | C29: =IFERROR(LOOKUP(2,1/(Index!$B$5:$B$104<>""),Index!$B$5:$B$104),"—") -> —
B30: Prochain palier visé | C30: =IF(C29="—","Carte verte",IF(C29>36,36,IF(C29>25,25,IF(C29>15,15,IF(C29>10,10,0))))) -> Carte verte
B31: Moyenne de putts sur 9 trous (3 dernières parties de 9 trous) | C31: =IFERROR(SUMPRODUCT((Parcours!$D$5:$D$304=9)*(Parcours!$H$5:$H$304<>"")*(ROW(Parcours!$H$5:$H$304)>=LARGE((Parcours!$D$5:$D$304=9)*(Parcours!$H$5:$H$304<>"")*ROW(Parcours!$H$5:$H$304),3))*Parcours!$H$5:$H$304)/MIN(3,SUMPRODUCT((Parcours!$D$5:$D$304=9)*(Parcours!$H$5:$H$304<>""))),"—") -> 21
B32: Pénalités moyennes par partie | C32: =IFERROR(AVERAGE(Parcours!$I$5:$I$304),"—") -> 2
B34: Objectif putts : ≤ 18 sur 9 trous (2 par green). Objectif pénalités : 0. Ce sont les 2 leviers les plus rapides pour l'index.

Sheet Journal séances
A1: Journal des séances
A2: Une ligne par séance. Cases jaunes = à remplir. Laisse vide un test que tu n'as pas fait.
M3: Colonnes M-O : calcul automatique, ne pas toucher
A4: Date | B4: Semaine du programme | C4: Type de séance | D4: Durée (min) | E4: Test A (/20) | F4: Putts 1,5 m (/10) | G4: Putts longs (/9) | H4: Up & down (coups, 9 balles) | I4: Chip < 2 m (/10) | J4: Quiz règles (/15) | K4: Ressenti (1 à 5) | L4: Ce qui a marché / à travailler | M4: n°TestA | N4: n°Putts | O4: n°UpDown
A5: 46308 | B5: =IF(A5="","",INT((A5-'Tableau de bord'!$C$6)/7)+1) -> 1 | C5: A | D5: 90 | E5: 9 | K5: 3 | L5: EXEMPLE – à remplacer : contact OK en demi-swing, je gratte en plein swing (poids sur pied arrière) | M5: =IF(E5="","",COUNT($E$5:E5)) -> 1 | N5: =IF(F5="","",COUNT($F$5:F5)) | O5: =IF(H5="","",COUNT($H$5:H5))
A6: 46310 | B6: =IF(A6="","",INT((A6-'Tableau de bord'!$C$6)/7)+1) -> 1 | C6: B | D6: 90 | F6: 6 | G6: 4 | H6: 26 | I6: 5 | J6: 10 | K6: 4 | L6: EXEMPLE – à remplacer : putts 1 m OK, trop court sur les putts de 15 m | M6: =IF(E6="","",COUNT($E$5:E6)) | N6: =IF(F6="","",COUNT($F$5:F6)) -> 1 | O6: =IF(H6="","",COUNT($H$5:H6)) -> 1
B7: =IF(A7="","",INT((A7-'Tableau de bord'!$C$6)/7)+1) | M7: =IF(E7="","",COUNT($E$5:E7)) | N7: =IF(F7="","",COUNT($F$5:F7)) | O7: =IF(H7="","",COUNT($H$5:H7))
B8: =IF(A8="","",INT((A8-'Tableau de bord'!$C$6)/7)+1) | M8: =IF(E8="","",COUNT($E$5:E8)) | N8: =IF(F8="","",COUNT($F$5:F8)) | O8: =IF(H8="","",COUNT($H$5:H8))
B9: =IF(A9="","",INT((A9-'Tableau de bord'!$C$6)/7)+1) | M9: =IF(E9="","",COUNT($E$5:E9)) | N9: =IF(F9="","",COUNT($F$5:F9)) | O9: =IF(H9="","",COUNT($H$5:H9))
B10: =IF(A10="","",INT((A10-'Tableau de bord'!$C$6)/7)+1) | M10: =IF(E10="","",COUNT($E$5:E10)) | N10: =IF(F10="","",COUNT($F$5:F10)) | O10: =IF(H10="","",COUNT($H$5:H10))
B11: =IF(A11="","",INT((A11-'Tableau de bord'!$C$6)/7)+1) | M11: =IF(E11="","",COUNT($E$5:E11)) | N11: =IF(F11="","",COUNT($F$5:F11)) | O11: =IF(H11="","",COUNT($H$5:H11))
B12: =IF(A12="","",INT((A12-'Tableau de bord'!$C$6)/7)+1) | M12: =IF(E12="","",COUNT($E$5:E12)) | N12: =IF(F12="","",COUNT($F$5:F12)) | O12: =IF(H12="","",COUNT($H$5:H12))
B13: =IF(A13="","",INT((A13-'Tableau de bord'!$C$6)/7)+1) | M13: =IF(E13="","",COUNT($E$5:E13)) | N13: =IF(F13="","",COUNT($F$5:F13)) | O13: =IF(H13="","",COUNT($H$5:H13))
B14: =IF(A14="","",INT((A14-'Tableau de bord'!$C$6)/7)+1) | M14: =IF(E14="","",COUNT($E$5:E14)) | N14: =IF(F14="","",COUNT($F$5:F14)) | O14: =IF(H14="","",COUNT($H$5:H14))
B15: =IF(A15="","",INT((A15-'Tableau de bord'!$C$6)/7)+1) | M15: =IF(E15="","",COUNT($E$5:E15)) | N15: =IF(F15="","",COUNT($F$5:F15)) | O15: =IF(H15="","",COUNT($H$5:H15))
B16: =IF(A16="","",INT((A16-'Tableau de bord'!$C$6)/7)+1) | M16: =IF(E16="","",COUNT($E$5:E16)) | N16: =IF(F16="","",COUNT($F$5:F16)) | O16: =IF(H16="","",COUNT($H$5:H16))
B17: =IF(A17="","",INT((A17-'Tableau de bord'!$C$6)/7)+1) | M17: =IF(E17="","",COUNT($E$5:E17)) | N17: =IF(F17="","",COUNT($F$5:F17)) | O17: =IF(H17="","",COUNT($H$5:H17))
B18: =IF(A18="","",INT((A18-'Tableau de bord'!$C$6)/7)+1) | M18: =IF(E18="","",COUNT($E$5:E18)) | N18: =IF(F18="","",COUNT($F$5:F18)) | O18: =IF(H18="","",COUNT($H$5:H18))
... B304: =IF(A304="","",INT((A304-'Tableau de bord'!$C$6)/7)+1) | M304: =IF(E304="","",COUNT($E$5:E304)) | N304: =IF(F304="","",COUNT($F$5:F304)) | O304: =IF(H304="","",COUNT($H$5:H304))

Sheet Parcours
A1: Parcours joués
A2: Une ligne par partie (9 ou 18 trous, ou parcours imaginaire). « +/- par » se calcule seul.
N3: Colonne N : calcul auto
A4: Date | B4: Parcours / lieu | C4: Clubs utilisés | D4: Trous (9/18) | E4: Par | F4: Score | G4: +/- par | H4: Putts | I4: Pénalités | J4: Balles perdues | K4: Fairways touchés | L4: Carte officielle (index) ? | M4: Trou le plus coûteux & pourquoi | N4: n°Simu
A5: 46313 | B5: Golf de Lille – 9 trous | C5: Fer 9 + putter | D5: 9 | E5: 36 | F5: 58 | G5: =IF(OR(E5="",F5=""),"",F5-E5) -> 22 | H5: 21 | I5: 2 | J5: 1 | L5: Non | M5: EXEMPLE – à remplacer : trou 4, 2 balles dans l'eau en voulant passer l'obstacle | N5: =IF(AND(F5<>"",C5="Fer 9 + putter",D5=9),COUNTIFS($C$5:C5,"Fer 9 + putter",$D$5:D5,9,$F$5:F5,"<>"),"") -> 1
G6: =IF(OR(E6="",F6=""),"",F6-E6) | N6: =IF(AND(F6<>"",C6="Fer 9 + putter",D6=9),COUNTIFS($C$5:C6,"Fer 9 + putter",$D$5:D6,9,$F$5:F6,"<>"),"")
G7: =IF(OR(E7="",F7=""),"",F7-E7) | N7: =IF(AND(F7<>"",C7="Fer 9 + putter",D7=9),COUNTIFS($C$5:C7,"Fer 9 + putter",$D$5:D7,9,$F$5:F7,"<>"),"")
G8: =IF(OR(E8="",F8=""),"",F8-E8) | N8: =IF(AND(F8<>"",C8="Fer 9 + putter",D8=9),COUNTIFS($C$5:C8,"Fer 9 + putter",$D$5:D8,9,$F$5:F8,"<>"),"")
G9: =IF(OR(E9="",F9=""),"",F9-E9) | N9: =IF(AND(F9<>"",C9="Fer 9 + putter",D9=9),COUNTIFS($C$5:C9,"Fer 9 + putter",$D$5:D9,9,$F$5:F9,"<>"),"")
G10: =IF(OR(E10="",F10=""),"",F10-E10) | N10: =IF(AND(F10<>"",C10="Fer 9 + putter",D10=9),COUNTIFS($C$5:C10,"Fer 9 + putter",$D$5:D10,9,$F$5:F10,"<>"),"")
G11: =IF(OR(E11="",F11=""),"",F11-E11) | N11: =IF(AND(F11<>"",C11="Fer 9 + putter",D11=9),COUNTIFS($C$5:C11,"Fer 9 + putter",$D$5:D11,9,$F$5:F11,"<>"),"")
G12: =IF(OR(E12="",F12=""),"",F12-E12) | N12: =IF(AND(F12<>"",C12="Fer 9 + putter",D12=9),COUNTIFS($C$5:C12,"Fer 9 + putter",$D$5:D12,9,$F$5:F12,"<>"),"")
G13: =IF(OR(E13="",F13=""),"",F13-E13) | N13: =IF(AND(F13<>"",C13="Fer 9 + putter",D13=9),COUNTIFS($C$5:C13,"Fer 9 + putter",$D$5:D13,9,$F$5:F13,"<>"),"")
G14: =IF(OR(E14="",F14=""),"",F14-E14) | N14: =IF(AND(F14<>"",C14="Fer 9 + putter",D14=9),COUNTIFS($C$5:C14,"Fer 9 + putter",$D$5:D14,9,$F$5:F14,"<>"),"")
G15: =IF(OR(E15="",F15=""),"",F15-E15) | N15: =IF(AND(F15<>"",C15="Fer 9 + putter",D15=9),COUNTIFS($C$5:C15,"Fer 9 + putter",$D$5:D15,9,$F$5:F15,"<>"),"")
G16: =IF(OR(E16="",F16=""),"",F16-E16) | N16: =IF(AND(F16<>"",C16="Fer 9 + putter",D16=9),COUNTIFS($C$5:C16,"Fer 9 + putter",$D$5:D16,9,$F$5:F16,"<>"),"")
G17: =IF(OR(E17="",F17=""),"",F17-E17) | N17: =IF(AND(F17<>"",C17="Fer 9 + putter",D17=9),COUNTIFS($C$5:C17,"Fer 9 + putter",$D$5:D17,9,$F$5:F17,"<>"),"")
... G304: =IF(OR(E304="",F304=""),"",F304-E304) | N304: =IF(AND(F304<>"",C304="Fer 9 + putter",D304=9),COUNTIFS($C$5:C304,"Fer 9 + putter",$D$5:D304,9,$F$5:F304,"<>"),"")

Sheet Checklist carte verte
A1: Checklist carte verte
A2: Mets « Oui » quand tu le fais SANS y penser sur 3 parcours d'affilée.
A4: Catégorie | B4: Compétence | C4: Acquis ? | D4: Date
A5: Sécurité | B5: Je vérifie que personne n'est à portée avant chaque coup (devant ET autour de moi)
A6: Sécurité | B6: Je crie « Balle ! » immédiatement si ma balle part vers quelqu'un
A7: Sécurité | B7: Je me place toujours hors de la zone de swing des autres joueurs
A8: Étiquette | B8: Je relève mes impacts de balle sur le green
A9: Étiquette | B9: Je ratisse le bunker après mon passage
A10: Étiquette | B10: Je replace / rebouche mes divots
A11: Étiquette | B11: Je ne marche pas sur la ligne de putt des autres
A12: Étiquette | B12: Chariot et sac jamais sur les départs ni les greens
A13: Étiquette | B13: Silence et immobilité quand un joueur joue
A14: Rythme | B14: Je suis prêt quand c'est mon tour (club choisi, gant mis)
A15: Rythme | B15: Je note les scores au départ suivant, pas sur le green
A16: Rythme | B16: Je sais quand et comment laisser passer le groupe derrière
... A28: Jeu | B28: Je joue 9 trous fer 9 + putter sans perdre de balle
B30: Progression de la checklist | C30: =COUNTIF(C5:C28,"Oui")/COUNTA(B5:B28) -> 0

Sheet Index
A1: Évolution de l'index
A2: Une ligne à chaque fois que ton index change (consultable sur l'appli / le site de la FFGolf).
A4: Date | B4: Index | C4: Commentaire | E4: Note : un index « plus » de pro (ex. +4) se saisit -4.
